benchmark_type,request_id,dataset_hash,canonical_input_hash,eligible_models,template_id,task_type,complexity,data_classification,cost_preference,quality_requirement,run_id,timestamp,strategy,strategy_version,input_mode,reference_evidence_type,expected_no_route,preferred_correct,acceptable_correct,policy_violation,ineligible_selection_attempts,retry_count,selected_model,confidence,reason_codes,api_calls,routing_cost_usd,routing_latency_ms,returned_model,execution_mode,evidence_type,research_eligible,status,decision_source,latency_measurement_source,provider,router_model,prompt_version,start_timestamp,end_timestamp,first_attempt_latency_ms,input_tokens,output_tokens,total_tokens,cached_tokens,api_request_id,api_status,successful_api_calls,failed_api_calls,refusal,error_type,error_message_sanitized,api_routing_latency_ms,preparation_latency_ms,revision
IID_SYNTHETIC,REQ-00037,3b81a336d8418a554123f4d3a34e01d97f635929dd39a805e8e16c0aa2532c8b,48df2be68d55f3b79f52c9bd26685c08830b7b5bf87c1ec00da10679f92964bb,[],TEMPLATE_010,EMBEDDING,HIGH,CONFIDENTIAL,LATENCY_FIRST,MEDIUM,20260928T165218-fdbdc7d6,2026-09-28T16:52:18.138266+00:00,jev,live-routing-1.0,STRUCTURED_ONLY,SYNTHETIC,True,True,True,False,0,0,,,[],0,0.0,0.26275100026396103,,LOCAL,SYNTHETIC,False,NO_ROUTE,DETERMINISTIC_POLICY,CURRENT_RUN,TYPESAFE_JEV,jev-latest,JEV_ROUTER_DECISION_V1,2026-09-28T16:52:18.138291+00:00,2026-09-28T16:52:18.138328+00:00,,,,,,,,0,0,False,,,0.02445900008751778,0.23829200017644325,1
IID_SYNTHETIC,REQ-00083,3b81a336d8418a554123f4d3a34e01d97f635929dd39a805e8e16c0aa2532c8b,f1e9cb4afc6ae33800a0ad54ac3f55cd7542c23c4bbf037d8c06ee56f1cf94f8,[],TEMPLATE_014,MULTIMODAL,MEDIUM,RESTRICTED,MINIMIZE_COST,MEDIUM,20260928T165218-fdbdc7d6,2026-09-28T16:52:18.148042+00:00,jev,live-routing-1.0,STRUCTURED_ONLY,SYNTHETIC,True,True,True,False,0,0,,,[],0,0.0,0.24066599962679902,,LOCAL,SYNTHETIC,False,NO_ROUTE,DETERMINISTIC_POLICY,CURRENT_RUN,TYPESAFE_JEV,jev-latest,JEV_ROUTER_DECISION_V1,2026-09-28T16:52:18.148067+00:00,2026-09-28T16:52:18.148076+00:00,,,,,,,,0,0,False,,,0.0028329995984677225,0.2378330000283313,1
IID_SYNTHETIC,REQ-00165,3b81a336d8418a554123f4d3a34e01d97f635929dd39a805e8e16c0aa2532c8b,0f2c3525715ea6f242335d83747071c117448489359b9d344ac624982567abf1,"[""multimodal"", ""frontier""]",TEMPLATE_012,TEXT_TO_SPEECH,HIGH,INTERNAL,MINIMIZE_COST,LOW,20260928T165218-fdbdc7d6,2026-09-28T16:52:18.154149+00:00,jev,live-routing-1.0,STRUCTURED_ONLY,SYNTHETIC,False,False,False,False,0,0,,,[],1,,486.5978329999052,,LIVE,EMPIRICAL,False,AUTH_ERROR,LIVE_PROVIDER,CURRENT_RUN,TYPESAFE_JEV,jev-latest,JEV_ROUTER_DECISION_V1,2026-09-28T16:52:18.154203+00:00,2026-09-28T16:52:18.640563+00:00,484.8027499992895,,,,,req_01a0e8ee7b8c779a87adfed1c95aea93,401.0,0,1,False,AUTH_ERROR,Provider call failed: AUTH_ERROR.,486.36345799968694,0.23437500021827873,1
IID_SYNTHETIC,REQ-00381,3b81a336d8418a554123f4d3a34e01d97f635929dd39a805e8e16c0aa2532c8b,cb7e54f9d51111caa5f160057bb5fdde339e14fcefb153bb69b35c86c175c10c,"[""enterprise"", ""reasoning"", ""long-context"", ""coder"", ""multimodal"", ""embedder"", ""speech"", ""finance""]",TEMPLATE_004,ANALYSIS,LOW,CONFIDENTIAL,MINIMIZE_COST,HIGH,20260928T165218-fdbdc7d6,2026-09-28T16:52:18.662985+00:00,jev,live-routing-1.0,STRUCTURED_ONLY,SYNTHETIC,False,False,False,False,0,0,,,[],1,,460.49074999973527,,LIVE,EMPIRICAL,False,AUTH_ERROR,LIVE_PROVIDER,CURRENT_RUN,TYPESAFE_JEV,jev-latest,JEV_ROUTER_DECISION_V1,2026-09-28T16:52:18.663283+00:00,2026-09-28T16:52:19.123518+00:00,458.4855419998348,,,,,req_01a0e8ee7da77c45aa0fc06e028b5e48,401.0,0,1,False,AUTH_ERROR,Provider call failed: AUTH_ERROR.,460.23854199938796,0.2522080003473093,1
IID_SYNTHETIC,REQ-00392,3b81a336d8418a554123f4d3a34e01d97f635929dd39a805e8e16c0aa2532c8b,10ce5a1b3b523802b253f49976093e74c4fa9c029e7ec5679a5c50011f8c86b1,"[""long-context""]",TEMPLATE_001,SUMMARIZATION,HIGH,INTERNAL,BALANCED,MEDIUM,20260928T165218-fdbdc7d6,2026-09-28T16:52:19.148125+00:00,jev,live-routing-1.0,STRUCTURED_ONLY,SYNTHETIC,False,False,False,False,0,0,,,[],1,,1728.4804589999112,,LIVE,EMPIRICAL,False,AUTH_ERROR,LIVE_PROVIDER,CURRENT_RUN,TYPESAFE_JEV,jev-latest,JEV_ROUTER_DECISION_V1,2026-09-28T16:52:19.148202+00:00,2026-09-28T16:52:20.876421+00:00,1726.6047499997512,,,,,req_01a0e8ee84807c43993d2b8016c7880a,401.0,0,1,False,AUTH_ERROR,Provider call failed: AUTH_ERROR.,1728.2254589999866,0.2549999999246211,1
IID_SYNTHETIC,REQ-00484,3b81a336d8418a554123f4d3a34e01d97f635929dd39a805e8e16c0aa2532c8b,3b716e6b9340460d922c3f2fc03bc1f55b27b8224feebcc7a92740e33506bc41,"[""enterprise"", ""finance""]",TEMPLATE_009,RAG_QA,HIGH,INTERNAL,LATENCY_FIRST,LOW,20260928T165218-fdbdc7d6,2026-09-28T16:52:20.899727+00:00,jev,live-routing-1.0,STRUCTURED_ONLY,SYNTHETIC,False,False,False,False,0,0,,,[],1,,482.5334170009228,,LIVE,EMPIRICAL,False,AUTH_ERROR,LIVE_PROVIDER,CURRENT_RUN,TYPESAFE_JEV,jev-latest,JEV_ROUTER_DECISION_V1,2026-09-28T16:52:20.899834+00:00,2026-09-28T16:52:21.382123+00:00,480.58516699984466,,,,,req_01a0e8ee86377f3291e901866acc633d,401.0,0,1,False,AUTH_ERROR,Provider call failed: AUTH_ERROR.,482.2931670005346,0.2402500003881869,1
IID_SYNTHETIC,REQ-00618,3b81a336d8418a554123f4d3a34e01d97f635929dd39a805e8e16c0aa2532c8b,7cb718541e025427c697213fa0d41303a090155bc41947a277de7c45bdda36ed,"[""local-small"", ""enterprise"", ""reasoning"", ""long-context"", ""coder"", ""multimodal"", ""embedder"", ""speech"", ""finance"", ""speed""]",TEMPLATE_003,EXTRACTION,LOW,CONFIDENTIAL,LATENCY_FIRST,LOW,20260928T165218-fdbdc7d6,2026-09-28T16:52:21.405645+00:00,jev,live-routing-1.0,STRUCTURED_ONLY,SYNTHETIC,False,False,False,False,0,0,,,[],1,,494.3868750006004,,LIVE,EMPIRICAL,False,AUTH_ERROR,LIVE_PROVIDER,CURRENT_RUN,TYPESAFE_JEV,jev-latest,JEV_ROUTER_DECISION_V1,2026-09-28T16:52:21.406025+00:00,2026-09-28T16:52:21.900183+00:00,492.4280000004728,,,,,req_01a0e8ee8822724091c8ce7e6d62c80c,401.0,0,1,False,AUTH_ERROR,Provider call failed: AUTH_ERROR.,494.1606669999601,0.22620800064032665,1
IID_SYNTHETIC,REQ-00648,3b81a336d8418a554123f4d3a34e01d97f635929dd39a805e8e16c0aa2532c8b,61c4ddccf930659a74bb2b8c1fbf69e7f1d29d23705237dd4dd18dbadfe1ab51,[],TEMPLATE_005,REASONING,HIGH,RESTRICTED,LATENCY_FIRST,LOW,20260928T165218-fdbdc7d6,2026-09-28T16:52:21.923224+00:00,jev,live-routing-1.0,STRUCTURED_ONLY,SYNTHETIC,True,True,True,False,0,0,,,[],0,0.0,0.2539589995649294,,LOCAL,SYNTHETIC,False,NO_ROUTE,DETERMINISTIC_POLICY,CURRENT_RUN,TYPESAFE_JEV,jev-latest,JEV_ROUTER_DECISION_V1,2026-09-28T16:52:21.923268+00:00,2026-09-28T16:52:21.923284+00:00,,,,,,,,0,0,False,,,0.004417000127432402,0.249541999437497,1
IID_SYNTHETIC,REQ-00707,3b81a336d8418a554123f4d3a34e01d97f635929dd39a805e8e16c0aa2532c8b,d64f7cb12dff6febfe8df30ad94b1ea0af5bf0ce9b0f1831f4cf4556ed5b3e96,"[""enterprise"", ""finance""]",TEMPLATE_008,QUESTION_ANSWERING,HIGH,RESTRICTED,BALANCED,LOW,20260928T165218-fdbdc7d6,2026-09-28T16:52:21.934515+00:00,jev,live-routing-1.0,STRUCTURED_ONLY,SYNTHETIC,False,False,False,False,0,0,,,[],1,,352.330124999753,,LIVE,EMPIRICAL,False,AUTH_ERROR,LIVE_PROVIDER,CURRENT_RUN,TYPESAFE_JEV,jev-latest,JEV_ROUTER_DECISION_V1,2026-09-28T16:52:21.934598+00:00,2026-09-28T16:52:22.286630+00:00,350.48058300071716,,,,,req_01a0e8ee8a037c7e924e268378b2fa18,401.0,0,1,False,AUTH_ERROR,Provider call failed: AUTH_ERROR.,352.03720800018345,0.2929169995695702,1
IID_SYNTHETIC,REQ-00715,3b81a336d8418a554123f4d3a34e01d97f635929dd39a805e8e16c0aa2532c8b,d5edd062b8d782fd0c558be9cc5771014414ff6873659333e3f18e4f48ba0a8d,"[""long-context""]",TEMPLATE_002,CLASSIFICATION,HIGH,PUBLIC,QUALITY_FIRST,MEDIUM,20260928T165218-fdbdc7d6,2026-09-28T16:52:22.309523+00:00,jev,live-routing-1.0,STRUCTURED_ONLY,SYNTHETIC,False,False,False,False,0,0,,,[],1,,450.69095799954084,,LIVE,EMPIRICAL,False,AUTH_ERROR,LIVE_PROVIDER,CURRENT_RUN,TYPESAFE_JEV,jev-latest,JEV_ROUTER_DECISION_V1,2026-09-28T16:52:22.309607+00:00,2026-09-28T16:52:22.760059+00:00,448.7447500005146,,,,,req_01a0e8ee8bde7dc484f3a4b298f8d791,401.0,0,1,False,AUTH_ERROR,Provider call failed: AUTH_ERROR.,450.4555829998935,0.23537499964731978,1
IID_SYNTHETIC,REQ-00724,3b81a336d8418a554123f4d3a34e01d97f635929dd39a805e8e16c0aa2532c8b,36dc648aeef37a602b6181f0c6252fc5b2294e85b0cb23b4e0c50ad2e0d32894,"[""frontier""]",TEMPLATE_011,SPEECH_TO_TEXT,MEDIUM,CONFIDENTIAL,BALANCED,MEDIUM,20260928T165218-fdbdc7d6,2026-09-28T16:52:22.782967+00:00,jev,live-routing-1.0,STRUCTURED_ONLY,SYNTHETIC,False,False,False,False,0,0,,,[],1,,469.87029099909705,,LIVE,EMPIRICAL,False,AUTH_ERROR,LIVE_PROVIDER,CURRENT_RUN,TYPESAFE_JEV,jev-latest,JEV_ROUTER_DECISION_V1,2026-09-28T16:52:22.783051+00:00,2026-09-28T16:52:23.252639+00:00,467.9236250003669,,,,,req_01a0e8ee8dce714192d5270cf5a529c4,401.0,0,1,False,AUTH_ERROR,Provider call failed: AUTH_ERROR.,469.58183299921075,0.2884579998863046,1
IID_SYNTHETIC,REQ-00748,3b81a336d8418a554123f4d3a34e01d97f635929dd39a805e8e16c0aa2532c8b,0883d8ddee7eceaadc9dc01583ff11c26c037635e6e31fcdacd1505a6f724762,"[""enterprise"", ""reasoning"", ""long-context"", ""coder"", ""multimodal"", ""embedder"", ""speech"", ""finance"", ""speed"", ""frontier""]",TEMPLATE_007,TRANSLATION,HIGH,CONFIDENTIAL,QUALITY_FIRST,MEDIUM,20260928T165218-fdbdc7d6,2026-09-28T16:52:23.275492+00:00,jev,live-routing-1.0,STRUCTURED_ONLY,SYNTHETIC,False,False,False,False,0,0,,,[],1,,585.7396249994054,,LIVE,EMPIRICAL,False,AUTH_ERROR,LIVE_PROVIDER,CURRENT_RUN,TYPESAFE_JEV,jev-latest,JEV_ROUTER_DECISION_V1,2026-09-28T16:52:23.275858+00:00,2026-09-28T16:52:23.861370+00:00,583.948125000461,,,,,req_01a0e8ee8fbb7ae8be3c2baca435081b,401.0,0,1,False,AUTH_ERROR,Provider call failed: AUTH_ERROR.,585.5119579991879,0.22766700021747965,1
IID_SYNTHETIC,REQ-00845,3b81a336d8418a554123f4d3a34e01d97f635929dd39a805e8e16c0aa2532c8b,e03655d8b2213794d533e93ae97b9f9dc1647dc81a58f9fc1e9d2c94f401ea19,"[""enterprise"", ""coder""]",TEMPLATE_006,CODING,MEDIUM,RESTRICTED,MINIMIZE_COST,HIGH,20260928T165218-fdbdc7d6,2026-09-28T16:52:23.885305+00:00,jev,live-routing-1.0,STRUCTURED_ONLY,SYNTHETIC,False,False,False,False,0,0,,,[],1,,486.687542999789,,LIVE,EMPIRICAL,False,AUTH_ERROR,LIVE_PROVIDER,CURRENT_RUN,TYPESAFE_JEV,jev-latest,JEV_ROUTER_DECISION_V1,2026-09-28T16:52:23.885425+00:00,2026-09-28T16:52:24.371852+00:00,484.66225000083796,,,,,req_01a0e8ee921179e3b7e4fb955f109b59,401.0,0,1,False,AUTH_ERROR,Provider call failed: AUTH_ERROR.,486.4223340000535,0.26520899973547785,1
IID_SYNTHETIC,REQ-00852,3b81a336d8418a554123f4d3a34e01d97f635929dd39a805e8e16c0aa2532c8b,c9494a2065855dcc389c3e79e4d19120b2bcbc28b439c833ad1eface649d55a9,"[""frontier""]",TEMPLATE_013,IMAGE,HIGH,PUBLIC,BALANCED,LOW,20260928T165218-fdbdc7d6,2026-09-28T16:52:24.395380+00:00,jev,live-routing-1.0,STRUCTURED_ONLY,SYNTHETIC,False,False,False,False,0,0,,,[],1,,491.70179199973063,,LIVE,EMPIRICAL,False,AUTH_ERROR,LIVE_PROVIDER,CURRENT_RUN,TYPESAFE_JEV,jev-latest,JEV_ROUTER_DECISION_V1,2026-09-28T16:52:24.395466+00:00,2026-09-28T16:52:24.886874+00:00,489.9100829998133,,,,,req_01a0e8ee941d79e68ac8e6419542f458,401.0,0,1,False,AUTH_ERROR,Provider call failed: AUTH_ERROR.,491.40362500020274,0.2981669995278935,1
IID_SYNTHETIC,REQ-00962,3b81a336d8418a554123f4d3a34e01d97f635929dd39a805e8e16c0aa2532c8b,b76c0a3e27f2f82a89f9a6fb8375aebdc01e844589ffd524a76c018dbb6b677c,[],TEMPLATE_011,SPEECH_TO_TEXT,MEDIUM,PUBLIC,QUALITY_FIRST,HIGH,20260928T165218-fdbdc7d6,2026-09-28T16:52:24.909533+00:00,jev,live-routing-1.0,STRUCTURED_ONLY,SYNTHETIC,True,True,True,False,0,0,,,[],0,0.0,0.2577919995019329,,LOCAL,SYNTHETIC,False,NO_ROUTE,DETERMINISTIC_POLICY,CURRENT_RUN,TYPESAFE_JEV,jev-latest,JEV_ROUTER_DECISION_V1,2026-09-28T16:52:24.909585+00:00,2026-09-28T16:52:24.909603+00:00,,,,,,,,0,0,False,,,0.004999999873689376,0.2527919996282435,1
TEMPLATE_HELD_OUT,HELDOUT-00025,1ae4fbf0eb6aa0ac7bd39aee57c1e08bffbcec80745c6a385e5f61ab099c9186,57806bc111bc6550f9df504d0d553723e4887e3f9428fdf412968cab2202e847,"[""multimodal"", ""speech"", ""frontier""]",TEMPLATE_026,TEXT_TO_SPEECH,LOW,PUBLIC,LATENCY_FIRST,MEDIUM,20260928T165218-fdbdc7d6,2026-09-28T16:52:24.922062+00:00,jev,live-routing-1.0,STRUCTURED_ONLY,SYNTHETIC,False,False,False,False,0,0,,,[],1,,475.3872910005157,,LIVE,EMPIRICAL,False,AUTH_ERROR,LIVE_PROVIDER,CURRENT_RUN,TYPESAFE_JEV,jev-latest,JEV_ROUTER_DECISION_V1,2026-09-28T16:52:24.922175+00:00,2026-09-28T16:52:25.397319+00:00,473.5991659999854,,,,,req_01a0e8ee960274d5aeced3ffd07bc48f,401.0,0,1,False,AUTH_ERROR,Provider call failed: AUTH_ERROR.,475.1536660005513,0.2336249999643769,1
TEMPLATE_HELD_OUT,HELDOUT-00030,1ae4fbf0eb6aa0ac7bd39aee57c1e08bffbcec80745c6a385e5f61ab099c9186,c5be5b33d92a77db18a926ae403284ee22e6d2bac0149fdc5dae5035554dcd21,"[""enterprise"", ""reasoning"", ""long-context"", ""multimodal"", ""finance"", ""frontier""]",TEMPLATE_017,EXTRACTION,HIGH,PUBLIC,BALANCED,LOW,20260928T165218-fdbdc7d6,2026-09-28T16:52:25.423269+00:00,jev,live-routing-1.0,STRUCTURED_ONLY,SYNTHETIC,False,False,False,False,0,0,,,[],1,,400.34758299952955,,LIVE,EMPIRICAL,False,AUTH_ERROR,LIVE_PROVIDER,CURRENT_RUN,TYPESAFE_JEV,jev-latest,JEV_ROUTER_DECISION_V1,2026-09-28T16:52:25.423512+00:00,2026-09-28T16:52:25.823614+00:00,398.53483400020195,,,,,req_01a0e8ee97d475fc8d837fc978e37fde,401.0,0,1,False,AUTH_ERROR,Provider call failed: AUTH_ERROR.,400.09487499992247,0.25270799960708246,1
TEMPLATE_HELD_OUT,HELDOUT-00083,1ae4fbf0eb6aa0ac7bd39aee57c1e08bffbcec80745c6a385e5f61ab099c9186,1c91e59a0165698d016db90c6c8a36f8f929ebb18a6799119c9e72e9fe02491f,"[""multimodal"", ""frontier""]",TEMPLATE_028,MULTIMODAL,MEDIUM,CONFIDENTIAL,BALANCED,HIGH,20260928T165218-fdbdc7d6,2026-09-28T16:52:25.848431+00:00,jev,live-routing-1.0,STRUCTURED_ONLY,SYNTHETIC,False,False,False,False,0,0,,,[],1,,470.1849579996633,,LIVE,EMPIRICAL,False,AUTH_ERROR,LIVE_PROVIDER,CURRENT_RUN,TYPESAFE_JEV,jev-latest,JEV_ROUTER_DECISION_V1,2026-09-28T16:52:25.848543+00:00,2026-09-28T16:52:26.318473+00:00,468.3369999993374,,,,,req_01a0e8ee99717db192d292c655aaaf3d,401.0,0,1,False,AUTH_ERROR,Provider call failed: AUTH_ERROR.,469.93387499969685,0.25108299996645655,1
TEMPLATE_HELD_OUT,HELDOUT-00117,1ae4fbf0eb6aa0ac7bd39aee57c1e08bffbcec80745c6a385e5f61ab099c9186,06284461e2e119499e68e7e06d35a6be261c6356909d4ba325654bdafe706b93,"[""enterprise"", ""coder""]",TEMPLATE_020,CODING,LOW,CONFIDENTIAL,BALANCED,HIGH,20260928T165218-fdbdc7d6,2026-09-28T16:52:26.344412+00:00,jev,live-routing-1.0,STRUCTURED_ONLY,SYNTHETIC,False,False,False,False,0,0,,,[],1,,376.54145899978175,,LIVE,EMPIRICAL,False,AUTH_ERROR,LIVE_PROVIDER,CURRENT_RUN,TYPESAFE_JEV,jev-latest,JEV_ROUTER_DECISION_V1,2026-09-28T16:52:26.344523+00:00,2026-09-28T16:52:26.720806+00:00,374.65229200006434,,,,,req_01a0e8ee9b5376efb0a108c9ea92c56c,401.0,0,1,False,AUTH_ERROR,Provider call failed: AUTH_ERROR.,376.2892089998786,0.25224999990314245,1
TEMPLATE_HELD_OUT,HELDOUT-00143,1ae4fbf0eb6aa0ac7bd39aee57c1e08bffbcec80745c6a385e5f61ab099c9186,6e59b8fa2887ad8db520f9835dff9c446231e4579a561b9cc4194c4affc7760c,"[""enterprise"", ""finance""]",TEMPLATE_018,ANALYSIS,LOW,RESTRICTED,BALANCED,HIGH,20260928T165218-fdbdc7d6,2026-09-28T16:52:26.747607+00:00,jev,live-routing-1.0,STRUCTURED_ONLY,SYNTHETIC,False,False,False,False,0,0,,,[],1,,492.97808300070756,,LIVE,EMPIRICAL,False,AUTH_ERROR,LIVE_PROVIDER,CURRENT_RUN,TYPESAFE_JEV,jev-latest,JEV_ROUTER_DECISION_V1,2026-09-28T16:52:26.747723+00:00,2026-09-28T16:52:27.240469+00:00,491.1054160002095,,,,,req_01a0e8ee9ce1728594fda41f39c6f486,401.0,0,1,False,AUTH_ERROR,Provider call failed: AUTH_ERROR.,492.74337499991816,0.23470800078939646,1
TEMPLATE_HELD_OUT,HELDOUT-00180,1ae4fbf0eb6aa0ac7bd39aee57c1e08bffbcec80745c6a385e5f61ab099c9186,f6884b4f27c81f6729b13c3a10eadb7ff34abbfb6d524119b7d46528bf4aeceb,"[""multimodal"", ""frontier""]",TEMPLATE_027,IMAGE,HIGH,INTERNAL,BALANCED,LOW,20260928T165218-fdbdc7d6,2026-09-28T16:52:27.266805+00:00,jev,live-routing-1.0,STRUCTURED_ONLY,SYNTHETIC,False,False,False,False,0,0,,,[],1,,420.07529199963756,,LIVE,EMPIRICAL,False,AUTH_ERROR,LIVE_PROVIDER,CURRENT_RUN,TYPESAFE_JEV,jev-latest,JEV_ROUTER_DECISION_V1,2026-09-28T16:52:27.266918+00:00,2026-09-28T16:52:27.685917+00:00,417.50524999952177,,,,,req_01a0e8ee9f147f15b03b774b60ce9ba1,401.0,0,1,False,AUTH_ERROR,Provider call failed: AUTH_ERROR.,419.00087499925576,1.0744170003817999,1
TEMPLATE_HELD_OUT,HELDOUT-00191,1ae4fbf0eb6aa0ac7bd39aee57c1e08bffbcec80745c6a385e5f61ab099c9186,bfeab348c88a782e71ba67860a3ac321193c9a99beedd4e947f36cfe9f84316b,[],TEMPLATE_024,EMBEDDING,LOW,CONFIDENTIAL,QUALITY_FIRST,LOW,20260928T165218-fdbdc7d6,2026-09-28T16:52:27.712398+00:00,jev,live-routing-1.0,STRUCTURED_ONLY,SYNTHETIC,True,True,True,False,0,0,,,[],0,0.0,0.23787499958416447,,LOCAL,SYNTHETIC,False,NO_ROUTE,DETERMINISTIC_POLICY,CURRENT_RUN,TYPESAFE_JEV,jev-latest,JEV_ROUTER_DECISION_V1,2026-09-28T16:52:27.712449+00:00,2026-09-28T16:52:27.712465+00:00,,,,,,,,0,0,False,,,0.004624999746738467,0.233249999837426,1
TEMPLATE_HELD_OUT,HELDOUT-00224,1ae4fbf0eb6aa0ac7bd39aee57c1e08bffbcec80745c6a385e5f61ab099c9186,76be8a741a1af19aec0877e2b5a9afeadbe0daad7926d83d4a52f6b5dff56a75,[],TEMPLATE_015,SUMMARIZATION,HIGH,RESTRICTED,MINIMIZE_COST,HIGH,20260928T165218-fdbdc7d6,2026-09-28T16:52:27.727298+00:00,jev,live-routing-1.0,STRUCTURED_ONLY,SYNTHETIC,True,True,True,False,0,0,,,[],0,0.0,0.24762400062172674,,LOCAL,SYNTHETIC,False,NO_ROUTE,DETERMINISTIC_POLICY,CURRENT_RUN,TYPESAFE_JEV,jev-latest,JEV_ROUTER_DECISION_V1,2026-09-28T16:52:27.727335+00:00,2026-09-28T16:52:27.727345+00:00,,,,,,,,0,0,False,,,0.0030830005925963633,0.24454100002913037,1
TEMPLATE_HELD_OUT,HELDOUT-00234,1ae4fbf0eb6aa0ac7bd39aee57c1e08bffbcec80745c6a385e5f61ab099c9186,aa365e3da4d317092137be81a479259714640e860f772b58894fc095a9b9fb5d,"[""multimodal"", ""speech"", ""frontier""]",TEMPLATE_025,SPEECH_TO_TEXT,HIGH,CONFIDENTIAL,LATENCY_FIRST,HIGH,20260928T165218-fdbdc7d6,2026-09-28T16:52:27.739924+00:00,jev,live-routing-1.0,STRUCTURED_ONLY,SYNTHETIC,False,False,False,False,0,0,,,[],1,,547.6789169997573,,LIVE,EMPIRICAL,False,AUTH_ERROR,LIVE_PROVIDER,CURRENT_RUN,TYPESAFE_JEV,jev-latest,JEV_ROUTER_DECISION_V1,2026-09-28T16:52:27.740024+00:00,2026-09-28T16:52:28.287457+00:00,545.9391659996982,,,,,req_01a0e8eea0f270219121e1e3b30ac822,401.0,0,1,False,AUTH_ERROR,Provider call failed: AUTH_ERROR.,547.4466670002585,0.23224999949889025,1
TEMPLATE_HELD_OUT,HELDOUT-00235,1ae4fbf0eb6aa0ac7bd39aee57c1e08bffbcec80745c6a385e5f61ab099c9186,1396fb60615e8f49875b6f04a0a40abc617bc6dc37d056feb2a34c2a53b28c46,[],TEMPLATE_026,TEXT_TO_SPEECH,HIGH,INTERNAL,QUALITY_FIRST,MEDIUM,20260928T165218-fdbdc7d6,2026-09-28T16:52:28.314768+00:00,jev,live-routing-1.0,STRUCTURED_ONLY,SYNTHETIC,True,True,True,False,0,0,,,[],0,0.0,0.24033399949985323,,LOCAL,SYNTHETIC,False,NO_ROUTE,DETERMINISTIC_POLICY,CURRENT_RUN,TYPESAFE_JEV,jev-latest,JEV_ROUTER_DECISION_V1,2026-09-28T16:52:28.314821+00:00,2026-09-28T16:52:28.314837+00:00,,,,,,,,0,0,False,,,0.004499999704421498,0.23583399979543174,1
TEMPLATE_HELD_OUT,HELDOUT-00272,1ae4fbf0eb6aa0ac7bd39aee57c1e08bffbcec80745c6a385e5f61ab099c9186,12c419cc92dd9d0dd3a665b0da168c9d9aa3ea675fe23f880a80edfc260f0b48,"[""local-small"", ""enterprise"", ""reasoning"", ""long-context"", ""coder"", ""multimodal"", ""embedder"", ""speech"", ""finance"", ""speed"", ""frontier""]",TEMPLATE_021,TRANSLATION,MEDIUM,INTERNAL,BALANCED,MEDIUM,20260928T165218-fdbdc7d6,2026-09-28T16:52:28.330724+00:00,jev,live-routing-1.0,STRUCTURED_ONLY,SYNTHETIC,False,False,False,False,0,0,,,[],1,,420.60454200054664,,LIVE,EMPIRICAL,False,AUTH_ERROR,LIVE_PROVIDER,CURRENT_RUN,TYPESAFE_JEV,jev-latest,JEV_ROUTER_DECISION_V1,2026-09-28T16:52:28.331026+00:00,2026-09-28T16:52:28.751393+00:00,418.8423750001675,,,,,req_01a0e8eea33f77f6841cdaa75c080d25,401.0,0,1,False,AUTH_ERROR,Provider call failed: AUTH_ERROR.,420.37079200053995,0.23375000000669388,1
TEMPLATE_HELD_OUT,HELDOUT-00357,1ae4fbf0eb6aa0ac7bd39aee57c1e08bffbcec80745c6a385e5f61ab099c9186,8ca1b4870fd86162dcecd8984cca27393e7a5a704b68090893d5de93358b9d19,"[""enterprise"", ""reasoning"", ""long-context"", ""coder"", ""multimodal"", ""speech"", ""finance""]",TEMPLATE_022,QUESTION_ANSWERING,MEDIUM,CONFIDENTIAL,LATENCY_FIRST,HIGH,20260928T165218-fdbdc7d6,2026-09-28T16:52:28.778954+00:00,jev,live-routing-1.0,STRUCTURED_ONLY,SYNTHETIC,False,False,False,False,0,0,,,[],1,,358.86283299896604,,LIVE,EMPIRICAL,False,AUTH_ERROR,LIVE_PROVIDER,CURRENT_RUN,TYPESAFE_JEV,jev-latest,JEV_ROUTER_DECISION_V1,2026-09-28T16:52:28.779202+00:00,2026-09-28T16:52:29.137820+00:00,357.1472500007076,,,,,req_01a0e8eea4c57be6b5af4c85021375ae,401.0,0,1,False,AUTH_ERROR,Provider call failed: AUTH_ERROR.,358.62345799978357,0.2393749991824734,1
TEMPLATE_HELD_OUT,HELDOUT-00358,1ae4fbf0eb6aa0ac7bd39aee57c1e08bffbcec80745c6a385e5f61ab099c9186,19a305213c7eb944b2f116bf975988145d8a40927f616414393f8ec234349f25,"[""enterprise"", ""finance""]",TEMPLATE_023,RAG_QA,MEDIUM,RESTRICTED,MINIMIZE_COST,MEDIUM,20260928T165218-fdbdc7d6,2026-09-28T16:52:29.162255+00:00,jev,live-routing-1.0,STRUCTURED_ONLY,SYNTHETIC,False,False,False,False,0,0,,,[],1,,470.77858400007244,,LIVE,EMPIRICAL,False,AUTH_ERROR,LIVE_PROVIDER,CURRENT_RUN,TYPESAFE_JEV,jev-latest,JEV_ROUTER_DECISION_V1,2026-09-28T16:52:29.162362+00:00,2026-09-28T16:52:29.632869+00:00,468.92770799968275,,,,,req_01a0e8eea6a872cc90f8500f51c8b19c,401.0,0,1,False,AUTH_ERROR,Provider call failed: AUTH_ERROR.,470.51454200027365,0.26404199979879195,1
TEMPLATE_HELD_OUT,HELDOUT-00393,1ae4fbf0eb6aa0ac7bd39aee57c1e08bffbcec80745c6a385e5f61ab099c9186,fdb2ccef87bc90131727f2797478b6d4da9fbdd751b09e0ad39f345d7553766f,"[""enterprise"", ""reasoning"", ""finance"", ""frontier""]",TEMPLATE_016,CLASSIFICATION,LOW,PUBLIC,QUALITY_FIRST,HIGH,20260928T165218-fdbdc7d6,2026-09-28T16:52:29.662112+00:00,jev,live-routing-1.0,STRUCTURED_ONLY,SYNTHETIC,False,False,False,False,0,0,,,[],1,,654.9750009999116,,LIVE,EMPIRICAL,False,AUTH_ERROR,LIVE_PROVIDER,CURRENT_RUN,TYPESAFE_JEV,jev-latest,JEV_ROUTER_DECISION_V1,2026-09-28T16:52:29.662289+00:00,2026-09-28T16:52:30.317024+00:00,653.08933399956,,,,,req_01a0e8eea8a376c294f19c55288013d7,401.0,0,1,False,AUTH_ERROR,Provider call failed: AUTH_ERROR.,654.7407090001798,0.23429199973179493,1
TEMPLATE_HELD_OUT,HELDOUT-00396,1ae4fbf0eb6aa0ac7bd39aee57c1e08bffbcec80745c6a385e5f61ab099c9186,4a8f9138e88834bd04d8e43862be06393076981d0c833600ebba5e456fb69f57,"[""enterprise"", ""reasoning"", ""long-context"", ""coder"", ""multimodal"", ""finance"", ""frontier""]",TEMPLATE_019,REASONING,HIGH,PUBLIC,BALANCED,HIGH,20260928T165218-fdbdc7d6,2026-09-28T16:52:30.343494+00:00,jev,live-routing-1.0,STRUCTURED_ONLY,SYNTHETIC,False,False,False,False,0,0,,,[],1,,356.3008750006702,,LIVE,EMPIRICAL,False,AUTH_ERROR,LIVE_PROVIDER,CURRENT_RUN,TYPESAFE_JEV,jev-latest,JEV_ROUTER_DECISION_V1,2026-09-28T16:52:30.343742+00:00,2026-09-28T16:52:30.699794+00:00,355.05245800050034,,,,,req_01a0e8eeaadf76d5a7eea4c4dd788e9b,401.0,0,1,False,AUTH_ERROR,Provider call failed: AUTH_ERROR.,356.05637500066223,0.24450000000797445,1
