strategy,mode,bucket_low,bucket_high,mean_confidence,actual_accuracy,sample_count,acceptable_reference_route_agreement_routed_only,benchmark_type,evidence_type,dataset_hash,run_id,timestamp,input_mode,phase,execution_mode,strategy_version,research_eligible
ml,local,0.2,0.3,0.27777896097177546,1.0,1,1.0,IID_SYNTHETIC,SYNTHETIC,3b81a336d8418a554123f4d3a34e01d97f635929dd39a805e8e16c0aa2532c8b,20260928T153247-eb297b76,2026-09-28T15:32:47.945685+00:00,STRUCTURED_ONLY,FINAL_TEST,LOCAL,structured-2.0,True
ml,local,0.3,0.4,0.37270160412864767,0.8333333333333334,6,0.8333333333333334,IID_SYNTHETIC,SYNTHETIC,3b81a336d8418a554123f4d3a34e01d97f635929dd39a805e8e16c0aa2532c8b,20260928T153247-eb297b76,2026-09-28T15:32:47.945685+00:00,STRUCTURED_ONLY,FINAL_TEST,LOCAL,structured-2.0,True
ml,local,0.4,0.5,0.4400007477731906,0.8125,16,0.8125,IID_SYNTHETIC,SYNTHETIC,3b81a336d8418a554123f4d3a34e01d97f635929dd39a805e8e16c0aa2532c8b,20260928T153247-eb297b76,2026-09-28T15:32:47.945685+00:00,STRUCTURED_ONLY,FINAL_TEST,LOCAL,structured-2.0,True
ml,local,0.5,0.6,0.5433217002420534,0.8,30,0.8,IID_SYNTHETIC,SYNTHETIC,3b81a336d8418a554123f4d3a34e01d97f635929dd39a805e8e16c0aa2532c8b,20260928T153247-eb297b76,2026-09-28T15:32:47.945685+00:00,STRUCTURED_ONLY,FINAL_TEST,LOCAL,structured-2.0,True
ml,local,0.6,0.7,0.655088088330257,1.0,22,1.0,IID_SYNTHETIC,SYNTHETIC,3b81a336d8418a554123f4d3a34e01d97f635929dd39a805e8e16c0aa2532c8b,20260928T153247-eb297b76,2026-09-28T15:32:47.945685+00:00,STRUCTURED_ONLY,FINAL_TEST,LOCAL,structured-2.0,True
ml,local,0.7,0.8,0.7482171478897082,1.0,13,1.0,IID_SYNTHETIC,SYNTHETIC,3b81a336d8418a554123f4d3a34e01d97f635929dd39a805e8e16c0aa2532c8b,20260928T153247-eb297b76,2026-09-28T15:32:47.945685+00:00,STRUCTURED_ONLY,FINAL_TEST,LOCAL,structured-2.0,True
ml,local,0.8,0.9,0.8448590805476386,1.0,21,1.0,IID_SYNTHETIC,SYNTHETIC,3b81a336d8418a554123f4d3a34e01d97f635929dd39a805e8e16c0aa2532c8b,20260928T153247-eb297b76,2026-09-28T15:32:47.945685+00:00,STRUCTURED_ONLY,FINAL_TEST,LOCAL,structured-2.0,True
ml,local,0.9,1.0,0.9979419050114806,1.0,636,1.0,IID_SYNTHETIC,SYNTHETIC,3b81a336d8418a554123f4d3a34e01d97f635929dd39a805e8e16c0aa2532c8b,20260928T153247-eb297b76,2026-09-28T15:32:47.945685+00:00,STRUCTURED_ONLY,FINAL_TEST,LOCAL,structured-2.0,True
jev,mock,0.5,0.6,0.56925,1.0,3,1.0,IID_SYNTHETIC,SYNTHETIC,3b81a336d8418a554123f4d3a34e01d97f635929dd39a805e8e16c0aa2532c8b,20260928T153247-eb297b76,2026-09-28T15:32:47.945685+00:00,STRUCTURED_ONLY,FINAL_TEST,MOCK,structured-2.0,False
jev,mock,0.6,0.7,0.6774375,1.0,8,1.0,IID_SYNTHETIC,SYNTHETIC,3b81a336d8418a554123f4d3a34e01d97f635929dd39a805e8e16c0aa2532c8b,20260928T153247-eb297b76,2026-09-28T15:32:47.945685+00:00,STRUCTURED_ONLY,FINAL_TEST,MOCK,structured-2.0,False
jev,mock,0.7,0.8,0.7568824169106619,0.9047619047619048,21,0.9047619047619048,IID_SYNTHETIC,SYNTHETIC,3b81a336d8418a554123f4d3a34e01d97f635929dd39a805e8e16c0aa2532c8b,20260928T153247-eb297b76,2026-09-28T15:32:47.945685+00:00,STRUCTURED_ONLY,FINAL_TEST,MOCK,structured-2.0,False
jev,mock,0.8,0.9,0.849959497618875,0.6744186046511628,43,0.6744186046511628,IID_SYNTHETIC,SYNTHETIC,3b81a336d8418a554123f4d3a34e01d97f635929dd39a805e8e16c0aa2532c8b,20260928T153247-eb297b76,2026-09-28T15:32:47.945685+00:00,STRUCTURED_ONLY,FINAL_TEST,MOCK,structured-2.0,False
jev,mock,0.9,1.0,0.9619292900300774,0.7701492537313432,670,0.7701492537313432,IID_SYNTHETIC,SYNTHETIC,3b81a336d8418a554123f4d3a34e01d97f635929dd39a805e8e16c0aa2532c8b,20260928T153247-eb297b76,2026-09-28T15:32:47.945685+00:00,STRUCTURED_ONLY,FINAL_TEST,MOCK,structured-2.0,False
