benchmark_type,left_split,right_split,check,shared_unique_count,right_rows_matching,prohibited,passed
IID_SYNTHETIC,training,validation,request_id,0,0,True,True
IID_SYNTHETIC,training,validation,exact_prompt,0,0,True,True
IID_SYNTHETIC,training,validation,request_content,0,0,True,True
IID_SYNTHETIC,training,validation,normalized_prompt_pattern,102,128,False,True
IID_SYNTHETIC,training,validation,encoded_feature_vector,0,0,False,True
IID_SYNTHETIC,training,validation,template_id,14,200,False,True
IID_SYNTHETIC,training,test,request_id,0,0,True,True
IID_SYNTHETIC,training,test,exact_prompt,0,0,True,True
IID_SYNTHETIC,training,test,request_content,0,0,True,True
IID_SYNTHETIC,training,test,normalized_prompt_pattern,274,645,False,True
IID_SYNTHETIC,training,test,encoded_feature_vector,0,0,False,True
IID_SYNTHETIC,training,test,template_id,14,1000,False,True
IID_SYNTHETIC,validation,test,request_id,0,0,True,True
IID_SYNTHETIC,validation,test,exact_prompt,0,0,True,True
IID_SYNTHETIC,validation,test,request_content,0,0,True,True
IID_SYNTHETIC,validation,test,normalized_prompt_pattern,134,323,False,True
IID_SYNTHETIC,validation,test,encoded_feature_vector,0,0,False,True
IID_SYNTHETIC,validation,test,template_id,14,1000,False,True
IID_SYNTHETIC,fitted_training,test,request_id,0,0,True,True
IID_SYNTHETIC,fitted_training,test,exact_prompt,0,0,True,True
IID_SYNTHETIC,fitted_training,test,request_content,0,0,True,True
IID_SYNTHETIC,fitted_training,test,normalized_prompt_pattern,239,565,False,True
IID_SYNTHETIC,fitted_training,test,encoded_feature_vector,0,0,False,True
IID_SYNTHETIC,fitted_training,test,template_id,14,1000,False,True
