strategy,metric,test,n,p_value,mean_difference_router_minus_frontier,ci_low,ci_high,measured_quality_noninferiority_supported,benchmark_type,evidence_type,dataset_hash,run_id,timestamp,input_mode,phase,execution_mode,strategy_version,research_eligible
cheapest_only,acceptable_reference_route_agreement,exact_mcnemar,1000,3.7092061506874214e-68,,,,,IID_SYNTHETIC,SYNTHETIC,3b81a336d8418a554123f4d3a34e01d97f635929dd39a805e8e16c0aa2532c8b,20260928T153247-eb297b76,2026-09-28T15:32:47.945685+00:00,STRUCTURED_ONLY,FINAL_TEST,LOCAL,structured-2.0,True
cheapest_only,estimated_cost_usd,paired_bootstrap_and_optional_wilcoxon,745,,-0.054924727187919464,-0.06569328959916107,-0.044514828706375846,,IID_SYNTHETIC,SYNTHETIC,3b81a336d8418a554123f4d3a34e01d97f635929dd39a805e8e16c0aa2532c8b,20260928T153247-eb297b76,2026-09-28T15:32:47.945685+00:00,STRUCTURED_ONLY,FINAL_TEST,LOCAL,structured-2.0,True
cheapest_only,model_latency_ms,paired_bootstrap_and_optional_wilcoxon,745,5.7524265436392584e-98,-1531.8523489932886,-1632.9075503355705,-1422.4610738255035,,IID_SYNTHETIC,SYNTHETIC,3b81a336d8418a554123f4d3a34e01d97f635929dd39a805e8e16c0aa2532c8b,20260928T153247-eb297b76,2026-09-28T15:32:47.945685+00:00,STRUCTURED_ONLY,FINAL_TEST,LOCAL,structured-2.0,True
cheapest_only,routing_latency_ms,paired_bootstrap_and_optional_wilcoxon,745,0.03358451448971799,-0.0015934174453472248,-0.003382278008492043,0.0003056620126445956,,IID_SYNTHETIC,SYNTHETIC,3b81a336d8418a554123f4d3a34e01d97f635929dd39a805e8e16c0aa2532c8b,20260928T153247-eb297b76,2026-09-28T15:32:47.945685+00:00,STRUCTURED_ONLY,FINAL_TEST,LOCAL,structured-2.0,True
cheapest_only,synthetic_quality_proxy,paired_bootstrap_and_optional_wilcoxon,745,,-0.10493959731543626,-0.1115040268456376,-0.09844261744966443,,IID_SYNTHETIC,SYNTHETIC,3b81a336d8418a554123f4d3a34e01d97f635929dd39a805e8e16c0aa2532c8b,20260928T153247-eb297b76,2026-09-28T15:32:47.945685+00:00,STRUCTURED_ONLY,FINAL_TEST,LOCAL,structured-2.0,True
cheapest_only,quality_score,paired_bootstrap_and_optional_wilcoxon,0,,,,,,IID_SYNTHETIC,SYNTHETIC,3b81a336d8418a554123f4d3a34e01d97f635929dd39a805e8e16c0aa2532c8b,20260928T153247-eb297b76,2026-09-28T15:32:47.945685+00:00,STRUCTURED_ONLY,FINAL_TEST,LOCAL,structured-2.0,True
jev,acceptable_reference_route_agreement,exact_mcnemar,1000,1.3363823550460978e-51,,,,,IID_SYNTHETIC,SYNTHETIC,3b81a336d8418a554123f4d3a34e01d97f635929dd39a805e8e16c0aa2532c8b,20260928T153247-eb297b76,2026-09-28T15:32:47.945685+00:00,STRUCTURED_ONLY,FINAL_TEST,MOCK,structured-2.0,False
jev,estimated_cost_usd,paired_bootstrap_and_optional_wilcoxon,745,,-0.05364860316778524,-0.06423140257147651,-0.043192647940939605,,IID_SYNTHETIC,SYNTHETIC,3b81a336d8418a554123f4d3a34e01d97f635929dd39a805e8e16c0aa2532c8b,20260928T153247-eb297b76,2026-09-28T15:32:47.945685+00:00,STRUCTURED_ONLY,FINAL_TEST,MOCK,structured-2.0,False
jev,model_latency_ms,paired_bootstrap_and_optional_wilcoxon,745,6.272656867507844e-96,-1402.5302013422818,-1499.754865771812,-1304.1367449664428,,IID_SYNTHETIC,SYNTHETIC,3b81a336d8418a554123f4d3a34e01d97f635929dd39a805e8e16c0aa2532c8b,20260928T153247-eb297b76,2026-09-28T15:32:47.945685+00:00,STRUCTURED_ONLY,FINAL_TEST,MOCK,structured-2.0,False
jev,routing_latency_ms,paired_bootstrap_and_optional_wilcoxon,745,5.063161000949748e-56,0.015571459058850719,0.013857934152810957,0.01737558039504443,,IID_SYNTHETIC,SYNTHETIC,3b81a336d8418a554123f4d3a34e01d97f635929dd39a805e8e16c0aa2532c8b,20260928T153247-eb297b76,2026-09-28T15:32:47.945685+00:00,STRUCTURED_ONLY,FINAL_TEST,MOCK,structured-2.0,False
jev,synthetic_quality_proxy,paired_bootstrap_and_optional_wilcoxon,745,,-0.08071140939597315,-0.0851023489932886,-0.07616107382550337,,IID_SYNTHETIC,SYNTHETIC,3b81a336d8418a554123f4d3a34e01d97f635929dd39a805e8e16c0aa2532c8b,20260928T153247-eb297b76,2026-09-28T15:32:47.945685+00:00,STRUCTURED_ONLY,FINAL_TEST,MOCK,structured-2.0,False
jev,quality_score,paired_bootstrap_and_optional_wilcoxon,0,,,,,,IID_SYNTHETIC,SYNTHETIC,3b81a336d8418a554123f4d3a34e01d97f635929dd39a805e8e16c0aa2532c8b,20260928T153247-eb297b76,2026-09-28T15:32:47.945685+00:00,STRUCTURED_ONLY,FINAL_TEST,MOCK,structured-2.0,False
ml,acceptable_reference_route_agreement,exact_mcnemar,1000,0.001953125,,,,,IID_SYNTHETIC,SYNTHETIC,3b81a336d8418a554123f4d3a34e01d97f635929dd39a805e8e16c0aa2532c8b,20260928T153247-eb297b76,2026-09-28T15:32:47.945685+00:00,STRUCTURED_ONLY,FINAL_TEST,LOCAL,structured-2.0,True
ml,estimated_cost_usd,paired_bootstrap_and_optional_wilcoxon,745,,-0.054195517859060405,-0.0648963540182886,-0.04381503050419464,,IID_SYNTHETIC,SYNTHETIC,3b81a336d8418a554123f4d3a34e01d97f635929dd39a805e8e16c0aa2532c8b,20260928T153247-eb297b76,2026-09-28T15:32:47.945685+00:00,STRUCTURED_ONLY,FINAL_TEST,LOCAL,structured-2.0,True
ml,model_latency_ms,paired_bootstrap_and_optional_wilcoxon,745,8.014769903817232e-99,-1280.1543624161075,-1370.3144295302013,-1189.51711409396,,IID_SYNTHETIC,SYNTHETIC,3b81a336d8418a554123f4d3a34e01d97f635929dd39a805e8e16c0aa2532c8b,20260928T153247-eb297b76,2026-09-28T15:32:47.945685+00:00,STRUCTURED_ONLY,FINAL_TEST,LOCAL,structured-2.0,True
ml,routing_latency_ms,paired_bootstrap_and_optional_wilcoxon,745,1.3032066333252239e-123,1.3155068939627597,1.3077173495344447,1.3236039365103776,,IID_SYNTHETIC,SYNTHETIC,3b81a336d8418a554123f4d3a34e01d97f635929dd39a805e8e16c0aa2532c8b,20260928T153247-eb297b76,2026-09-28T15:32:47.945685+00:00,STRUCTURED_ONLY,FINAL_TEST,LOCAL,structured-2.0,True
ml,synthetic_quality_proxy,paired_bootstrap_and_optional_wilcoxon,745,,-0.07378523489932885,-0.07744999999999999,-0.07026744966442952,,IID_SYNTHETIC,SYNTHETIC,3b81a336d8418a554123f4d3a34e01d97f635929dd39a805e8e16c0aa2532c8b,20260928T153247-eb297b76,2026-09-28T15:32:47.945685+00:00,STRUCTURED_ONLY,FINAL_TEST,LOCAL,structured-2.0,True
ml,quality_score,paired_bootstrap_and_optional_wilcoxon,0,,,,,,IID_SYNTHETIC,SYNTHETIC,3b81a336d8418a554123f4d3a34e01d97f635929dd39a805e8e16c0aa2532c8b,20260928T153247-eb297b76,2026-09-28T15:32:47.945685+00:00,STRUCTURED_ONLY,FINAL_TEST,LOCAL,structured-2.0,True
rules,acceptable_reference_route_agreement,exact_mcnemar,1000,6.018531076210112e-36,,,,,IID_SYNTHETIC,SYNTHETIC,3b81a336d8418a554123f4d3a34e01d97f635929dd39a805e8e16c0aa2532c8b,20260928T153247-eb297b76,2026-09-28T15:32:47.945685+00:00,STRUCTURED_ONLY,FINAL_TEST,LOCAL,structured-2.0,True
rules,estimated_cost_usd,paired_bootstrap_and_optional_wilcoxon,745,,-0.0423384964966443,-0.05199712289865772,-0.03284804511275168,,IID_SYNTHETIC,SYNTHETIC,3b81a336d8418a554123f4d3a34e01d97f635929dd39a805e8e16c0aa2532c8b,20260928T153247-eb297b76,2026-09-28T15:32:47.945685+00:00,STRUCTURED_ONLY,FINAL_TEST,LOCAL,structured-2.0,True
rules,model_latency_ms,paired_bootstrap_and_optional_wilcoxon,745,3.1800042488176776e-60,-861.0201342281879,-958.1854026845638,-768.2808724832215,,IID_SYNTHETIC,SYNTHETIC,3b81a336d8418a554123f4d3a34e01d97f635929dd39a805e8e16c0aa2532c8b,20260928T153247-eb297b76,2026-09-28T15:32:47.945685+00:00,STRUCTURED_ONLY,FINAL_TEST,LOCAL,structured-2.0,True
rules,routing_latency_ms,paired_bootstrap_and_optional_wilcoxon,745,0.2437949885352345,-0.0010585194629294354,-0.003128295514112238,0.000914660776221512,,IID_SYNTHETIC,SYNTHETIC,3b81a336d8418a554123f4d3a34e01d97f635929dd39a805e8e16c0aa2532c8b,20260928T153247-eb297b76,2026-09-28T15:32:47.945685+00:00,STRUCTURED_ONLY,FINAL_TEST,LOCAL,structured-2.0,True
rules,synthetic_quality_proxy,paired_bootstrap_and_optional_wilcoxon,745,,-0.06021476510067115,-0.06559832214765102,-0.05433489932885907,,IID_SYNTHETIC,SYNTHETIC,3b81a336d8418a554123f4d3a34e01d97f635929dd39a805e8e16c0aa2532c8b,20260928T153247-eb297b76,2026-09-28T15:32:47.945685+00:00,STRUCTURED_ONLY,FINAL_TEST,LOCAL,structured-2.0,True
rules,quality_score,paired_bootstrap_and_optional_wilcoxon,0,,,,,,IID_SYNTHETIC,SYNTHETIC,3b81a336d8418a554123f4d3a34e01d97f635929dd39a805e8e16c0aa2532c8b,20260928T153247-eb297b76,2026-09-28T15:32:47.945685+00:00,STRUCTURED_ONLY,FINAL_TEST,LOCAL,structured-2.0,True
weighted,acceptable_reference_route_agreement,exact_mcnemar,1000,1.3363823550460978e-51,,,,,IID_SYNTHETIC,SYNTHETIC,3b81a336d8418a554123f4d3a34e01d97f635929dd39a805e8e16c0aa2532c8b,20260928T153247-eb297b76,2026-09-28T15:32:47.945685+00:00,STRUCTURED_ONLY,FINAL_TEST,LOCAL,structured-2.0,True
weighted,estimated_cost_usd,paired_bootstrap_and_optional_wilcoxon,745,,-0.05364860316778524,-0.06423140257147651,-0.043192647940939605,,IID_SYNTHETIC,SYNTHETIC,3b81a336d8418a554123f4d3a34e01d97f635929dd39a805e8e16c0aa2532c8b,20260928T153247-eb297b76,2026-09-28T15:32:47.945685+00:00,STRUCTURED_ONLY,FINAL_TEST,LOCAL,structured-2.0,True
weighted,model_latency_ms,paired_bootstrap_and_optional_wilcoxon,745,6.272656867507844e-96,-1402.5302013422818,-1499.754865771812,-1304.1367449664428,,IID_SYNTHETIC,SYNTHETIC,3b81a336d8418a554123f4d3a34e01d97f635929dd39a805e8e16c0aa2532c8b,20260928T153247-eb297b76,2026-09-28T15:32:47.945685+00:00,STRUCTURED_ONLY,FINAL_TEST,LOCAL,structured-2.0,True
weighted,routing_latency_ms,paired_bootstrap_and_optional_wilcoxon,745,3.5238264387130675e-10,0.005408311406292659,0.003486634229036569,0.0073280517315975615,,IID_SYNTHETIC,SYNTHETIC,3b81a336d8418a554123f4d3a34e01d97f635929dd39a805e8e16c0aa2532c8b,20260928T153247-eb297b76,2026-09-28T15:32:47.945685+00:00,STRUCTURED_ONLY,FINAL_TEST,LOCAL,structured-2.0,True
weighted,synthetic_quality_proxy,paired_bootstrap_and_optional_wilcoxon,745,,-0.08071140939597315,-0.0851023489932886,-0.07616107382550337,,IID_SYNTHETIC,SYNTHETIC,3b81a336d8418a554123f4d3a34e01d97f635929dd39a805e8e16c0aa2532c8b,20260928T153247-eb297b76,2026-09-28T15:32:47.945685+00:00,STRUCTURED_ONLY,FINAL_TEST,LOCAL,structured-2.0,True
weighted,quality_score,paired_bootstrap_and_optional_wilcoxon,0,,,,,,IID_SYNTHETIC,SYNTHETIC,3b81a336d8418a554123f4d3a34e01d97f635929dd39a805e8e16c0aa2532c8b,20260928T153247-eb297b76,2026-09-28T15:32:47.945685+00:00,STRUCTURED_ONLY,FINAL_TEST,LOCAL,structured-2.0,True
